model,run,Species_F1-score,Genus_F1-score,Family_F1-score,Order_F1-score,Class_F1-score
model_best_hierarchical_loss,v2,0.40184134460793397,0.7291152628387106,0.8934770023648858,1.0,1.0
model_best_hierarchical_loss,v3,0.3913120801902085,0.7143247802346515,0.9001179386219099,1.0,1.0
model_best_hierarchical_loss,v4,0.39919584986683715,0.7030251311623861,0.9071040230341415,1.0,1.0
