model,Species_F1-score,Genus_F1-score,Family_F1-score,Order_F1-score,Class_F1-score
model_best_RSB,0.6854211961183934,0.7644643139129188,0.9070234538876619,1.0,1.0
model_best_RSB_lr3e-4,0.6639889967761058,0.763027549461288,0.9247506794472107,1.0,1.0
model_best_hierarchical_loss_lr1e-4,0.6481906047707083,0.775917940747574,0.9285055837200362,1.0,1.0
model_best_hierarchical_loss_lr3e-4,0.6736788512176214,0.7762470645691936,0.9347700364052232,1.0,1.0
